{
    "cie" :{
        "r" :{
            "x":0.735,
            "y":0.265
        },
        "g":{
            "x":0.274,
            "y":0.717
        },
        "b":{
            "x":0.167,
            "y":0.009
        },
        "w":{
            "x2":0.3333,
            "y2":0.3333
        }
    },
    "ntsc":{
        "r" :{
            "x":0.67,
            "y":0.33
        },
        "g":{
            "x":0.21,
            "y":0.71
        },
        "b":{
            "x":0.14,
            "y":0.08
        },
        "w":{
            "x2":0.31006,
            "y2":0.31616
        }

    },
    "srgb":{
        "r" :{
            "x":0.64,
            "y":0.33
        },
        "g":{
            "x":0.3,
            "y":0.6
        },
        "b":{
            "x":0.15,
            "y":0.06
        },
        "w":{
            "x2":0.3127,
            "y2":0.3290
        }

    }
}